model,mae,rmse,mape_pct
lightgbm_cluster_daily,2322.247874134877,3437.51378457221,5.535145303653298
seasonal_naive_7d,5696.94775390625,9233.2958984375,11.982135772705078
