order,mae,rmse,mape_pct
"(0, 0, 0)",45928.40054859834,54441.62616553035,100.0
"(1, 0, 0)",43926.21848350184,53284.60588424219,94.21402877545408
"(1, 1, 0)",27010.793276298304,36589.22691539723,56.9206839783705
"(0, 1, 1)",27559.10082207495,37364.43770733242,56.20007826837414
"(1, 1, 1)",27595.332925900108,37417.55715336089,56.14864611813347
