model,mae,rmse,mape_pct,rank_mae,rank_rmse
xgboost_cluster_daily,2281.087646484375,3470.681884765625,5.217596530914307,1,3
sarimax_cluster_daily,2311.4077428481305,3088.1636776481655,5.802898274215993,2,1
lightgbm_cluster_daily,2322.247874134877,3437.51378457221,5.535145303653298,3,2
catboost_cluster_daily,2507.4573873782288,3708.666839993944,6.00725268719384,4,4
elasticnet_cluster_daily,4287.452719738319,6146.178096363917,12.021776948268126,5,5
seasonal_naive_7d,5696.94775390625,9233.2958984375,11.982135772705078,6,6
