model,mae,rmse,mape_pct
lightgbm_cluster_daily,2391.096260223178,3491.0377050760712,5.698270431724481
seasonal_naive_7d,5696.94775390625,9233.2958984375,11.982135772705078
