horizon_days,xgboost_regularized_mae_improvement_vs_naive_pct
7,52.67780761562031
14,52.642753340383365
28,47.84009823154706
