series_id,mae,rmse,mape_pct,order,seasonal_order
,25778.065807412735,34617.90316069993,60.27771989956929,"(0, 1, 0)","(0, 1, 1, 7)"
