model,mae,rmse,mape_pct
sarimax_deep_tuned,3073.1517432376972,4635.914919659627,6.616445412061629
