model,mae,rmse,mape_pct
seasonal_naive_7d,6299.10791015625,10143.046875,12.193676948547363
moving_avg_7d,8086.735535136269,13105.859112281194,15.658179689037045
