model,mae,rmse,mape_pct
catboost_cluster_daily,2507.4573873782288,3708.666839993944,6.00725268719384
seasonal_naive_7d,5696.94775390625,9233.2958984375,11.982135772705078
