horizon_days,lightgbm_mae_improvement_vs_naive_pct
7,51.729737824498045
14,50.60992881831988
28,47.45494855174387
