model,mae,rmse,mape_pct
elasticnet_cluster_daily,4287.452719738319,6146.178096363917,12.021776948268126
seasonal_naive_7d,5696.94775390625,9233.2958984375,11.982135772705078
