horizon_days,xgboost_mae_improvement_vs_naive_pct
7,53.598791506080644
14,53.2272789971888
28,49.91560201382172
