horizon_days,sarimax_mae_improvement_vs_naive_pct
7,59.727318316990576
14,56.82534897122281
28,48.34903130756173
