model,mae,rmse,mape_pct
xgboost_cluster_daily,2281.087646484375,3470.681884765625,5.217596530914307
seasonal_naive_7d,5696.94775390625,9233.2958984375,11.982135772705078
