model,mae,rmse,mape_pct
sarimax_cluster_daily,2311.4077428481305,3088.1636776481655,5.802898274215993
seasonal_naive_7d,5696.94775390625,9233.2958984375,11.982135772705078
