model,mae,rmse,mape_pct
sarimax_cluster_daily,4305.610265062486,6686.011407736591,9.070025625661696
seasonal_naive_7d,5696.94775390625,9233.2958984375,11.982135772705078
